,invite_category,Deferred donors (count),Deferred donors (%),Non-deferred donors (count),Non-deferred donors (%)
0,More than 2 weeks earlier,83,16.435643564356436,11661,52.10455764075067
1,Within 2 weeks,36,7.128712871287128,3746,16.738159070598748
2,Between 2 weeks and 3 months later,84,16.633663366336634,3860,17.247542448614837
3,Between 3 months and 1 year later,212,41.98019801980198,2778,12.412868632707774
4,Not within 1 year,90,17.82178217821782,335,1.4968722073279714
