,invite_category,Deferred donors (count),Deferred donors (%),Non-deferred donors (count),Non-deferred donors (%)
0,More than 2 weeks earlier,85,16.831683168316832,11835,52.88203753351206
1,Within 2 weeks,38,7.524752475247524,3846,17.184986595174262
2,Between 2 weeks and 3 months later,97,19.207920792079207,3881,17.341376228775694
3,Between 3 months and 1 year later,210,41.584158415841586,2528,11.29579982126899
4,Not within 1 year,75,14.85148514851485,290,1.2957998212689903
